Chance_of_Admission,GRE_Score,TOEFL_Score,University_Rating,SOP,LOR,CGPA,Research
0.9367585182189941,338,117,4,4.0,4.0,9.7,1
0.8367267847061157,350,108,4,4.0,4.5,8.87,1
0.49599459767341614,300,104,3,3.0,3.5,7.0,1
0.663221538066864,320,110,4,3.5,2.5,8.0,1
